filename,width,height,class,xmin,ymin,xmax,ymax
10_0.png,1349,654,hotel,641,391,775,424
10_0.png,1349,654,review,1103,391,1164,422
10_0.png,1349,654,location,659,432,803,449
10_0.png,1349,654,n_reviews,1078,418,1117,438
10_0.png,1349,654,rating,1168,395,1208,433
10_0.png,1349,654,landmark,901,433,1055,448
10_1.png,1349,654,hotel,666,150,952,170
10_1.png,1349,654,review,1059,145,1164,170
10_1.png,1349,654,rating,1167,143,1208,182
10_1.png,1349,654,location,666,186,714,199
10_1.png,1349,654,landmark,813,182,924,201
10_1.png,1349,654,n_reviews,1076,172,1113,187
10_1.png,1349,654,hotel,713,399,1035,417
10_1.png,1349,654,location,659,428,793,447
10_1.png,1349,654,landmark,641,470,1002,488
10_2.png,1349,654,hotel,641,147,893,170
10_2.png,1349,654,review,1064,145,1160,167
10_2.png,1349,654,rating,1170,145,1210,183
10_2.png,1349,654,n_reviews,1076,171,1117,184
10_2.png,1349,654,location,659,183,712,199
10_2.png,1349,654,landmark,813,183,1009,203
10_2.png,1349,654,hotel,713,476,879,499
10_2.png,1349,654,location,659,506,875,524
10_2.png,1349,654,landmark,968,506,1039,520
10_3.png,1349,654,hotel,712,225,1043,249
10_3.png,1349,654,location,660,278,808,298
10_3.png,1349,654,landmark,909,279,1055,295
10_4.png,1349,654,hotel,712,253,858,274
10_4.png,1349,654,location,660,282,760,302
10_4.png,1349,654,landmark,862,280,1043,298
10_4.png,1349,654,hotel,643,9,820,32
10_4.png,1349,654,rating,1183,22,1214,43
10_4.png,1349,654,location,656,61,720,83
10_4.png,1349,654,landmark,816,61,994,84
10_4.png,1349,654,hotel,717,502,936,526
10_4.png,1349,654,review,1072,499,1162,522
10_4.png,1349,654,rating,1170,497,1206,536
10_4.png,1349,654,review,1102,522,1124,541
10_4.png,1349,654,location,659,533,775,555
10_4.png,1349,654,landmark,880,536,1030,553
10_5.png,1349,654,hotel,710,253,875,275
10_5.png,1349,654,review,1058,248,1164,272
10_5.png,1349,654,rating,1174,251,1208,283
10_5.png,1349,654,location,659,286,771,305
10_5.png,1349,654,landmark,872,287,1014,306
10_5.png,1349,654,n_reviews,1102,274,1120,288
10_5.png,1349,654,hotel,641,498,712,525
10_5.png,1349,654,review,1059,495,1160,524
10_5.png,1349,654,rating,1168,498,1213,537
10_5.png,1349,654,location,656,536,785,553
10_5.png,1349,654,landmark,879,537,1036,557
10_5.png,1349,654,n_reviews,1076,522,1113,541
10_6.png,1349,654,hotel,709,248,1056,275
10_6.png,1349,654,location,659,302,803,325
10_6.png,1349,654,landmark,901,305,1047,321
10_6.png,1349,654,hotel,640,501,837,529
10_6.png,1349,654,review,1090,501,1164,525
10_6.png,1349,654,rating,1172,498,1210,537
10_6.png,1349,654,n_reviews,1078,521,1116,538
10_6.png,1349,654,location,656,536,714,555
10_6.png,1349,654,landmark,814,533,1006,557
10_7.png,1349,654,hotel,641,252,814,274
10_7.png,1349,654,review,1087,248,1162,270
10_7.png,1349,654,rating,1171,244,1208,286
10_7.png,1349,654,location,659,283,874,307
10_7.png,1349,654,review,1097,272,1120,288
10_7.png,1349,654,landmark,972,287,1033,306
10_7.png,1349,654,hotel,639,503,897,524
10_7.png,1349,654,review,1105,499,1163,526
10_7.png,1349,654,rating,1168,497,1209,540
10_7.png,1349,654,location,656,537,716,556
10_7.png,1349,654,landmark,816,537,1005,559
10_7.png,1349,654,n_reviews,1078,522,1118,543
10_8.png,1349,654,hotel,641,3,893,22
10_8.png,1349,654,review,1108,1,1162,21
10_8.png,1349,654,rating,1168,1,1206,37
10_8.png,1349,654,n_reviews,1078,22,1116,40
10_8.png,1349,654,location,659,34,716,55
10_8.png,1349,654,landmark,816,38,1012,56
11_0.png,1349,654,hotel,639,394,929,452
11_0.png,1349,654,review,1072,395,1160,417
11_0.png,1349,654,rating,1171,397,1208,436
11_0.png,1349,654,n_reviews,1080,420,1113,436
11_0.png,1349,654,location,664,478,716,494
11_0.png,1349,654,landmark,812,479,997,497
11_1.png,1349,654,hotel,662,151,1026,171
11_1.png,1349,654,review,1072,145,1163,168
11_1.png,1349,654,rating,1168,145,1212,184
11_1.png,1349,654,review,1078,168,1114,183
11_1.png,1349,654,review,664,207,874,224
11_1.png,1349,654,landmark,975,205,1035,221
11_1.png,1349,654,hotel,643,397,943,424
11_1.png,1349,654,review,1059,399,1163,417
11_1.png,1349,654,rating,1170,401,1206,433
11_1.png,1349,654,review,1078,420,1113,434
11_1.png,1349,654,location,660,430,875,449
11_1.png,1349,654,landmark,974,432,1036,451
11_2.png,1349,654,hotel,641,144,1016,172
11_2.png,1349,654,review,1106,147,1160,168
11_2.png,1349,654,rating,1167,148,1206,183
11_2.png,1349,654,n_reviews,1075,168,1116,183
11_2.png,1349,654,location,658,206,718,224
11_2.png,1349,654,landmark,813,203,1002,222
11_2.png,1349,654,hotel,643,476,1008,528
11_2.png,1349,654,review,1060,476,1160,499
11_2.png,1349,654,rating,1170,479,1205,509
11_2.png,1349,654,n_reviews,1079,498,1113,515
11_2.png,1349,654,location,660,557,791,576
11_2.png,1349,654,landmark,893,557,960,574
11_3.png,1349,654,hotel,640,265,764,286
11_3.png,1349,654,location,659,297,762,318
11_3.png,1349,654,landmark,859,298,1049,317
11_3.png,1349,654,review,1091,261,1162,286
11_3.png,1349,654,rating,1168,257,1209,301
11_3.png,1349,654,review,1079,284,1114,303
11_4.png,1349,654,hotel,636,14,1006,64
11_4.png,1349,654,review,1055,10,1162,34
11_4.png,1349,654,rating,1164,6,1217,53
11_4.png,1349,654,n_reviews,1078,36,1114,53
11_4.png,1349,654,location,656,91,793,114
11_4.png,1349,654,landmark,890,95,1003,117
11_4.png,1349,654,hotel,716,283,1036,310
11_4.png,1349,654,location,655,341,801,361
11_4.png,1349,654,landmark,902,343,1005,363
11_5.png,1349,654,hotel,641,36,947,59
11_5.png,1349,654,review,1058,34,1160,57
11_5.png,1349,654,rating,1164,28,1212,75
11_5.png,1349,654,n_reviews,1079,53,1114,79
11_5.png,1349,654,location,659,70,712,88
11_5.png,1349,654,landmark,813,70,1005,88
11_5.png,1349,654,hotel,641,286,844,310
11_5.png,1349,654,review,1072,280,1160,306
11_5.png,1349,654,rating,1170,287,1205,322
11_5.png,1349,654,rating,1094,305,1121,322
11_5.png,1349,654,location,658,321,794,338
11_5.png,1349,654,landmark,891,317,1006,340
11_6.png,1349,654,hotel,641,32,812,57
11_6.png,1349,654,review,1058,33,1163,59
11_6.png,1349,654,rating,1164,32,1210,70
11_6.png,1349,654,n_reviews,1094,55,1121,71
11_6.png,1349,654,location,656,71,778,84
11_6.png,1349,654,landmark,879,68,1040,88
11_6.png,1349,654,hotel,708,288,880,307
11_6.png,1349,654,review,1089,282,1164,305
11_6.png,1349,654,rating,1167,279,1213,328
11_6.png,1349,654,n_reviews,1101,305,1121,324
11_6.png,1349,654,location,656,317,795,337
11_6.png,1349,654,landmark,887,320,1049,337
11_7.png,1349,654,hotel,641,33,1003,60
11_7.png,1349,654,review,1075,30,1163,56
11_7.png,1349,654,rating,1168,33,1208,71
11_7.png,1349,654,n_reviews,1076,53,1113,75
11_7.png,1349,654,location,656,87,714,111
11_7.png,1349,654,landmark,813,91,1012,114
11_7.png,1349,654,hotel,640,282,889,314
11_7.png,1349,654,review,1056,280,1160,307
11_7.png,1349,654,rating,1166,279,1212,324
11_7.png,1349,654,n_reviews,1078,307,1112,324
11_7.png,1349,654,location,656,317,795,337
11_7.png,1349,654,landmark,889,320,1002,338
11_8.png,1349,654,hotel,641,30,1017,86
11_8.png,1349,654,review,1060,34,1162,55
11_8.png,1349,654,rating,1166,30,1209,71
11_8.png,1349,654,n_reviews,1076,55,1116,72
11_8.png,1349,654,location,659,113,793,136
11_8.png,1349,654,landmark,890,113,999,133
12_0.png,1349,654,hotel,732,395,976,424
12_0.png,1349,654,location,658,425,816,447
12_0.png,1349,654,landmark,916,424,1058,448
12_1.png,1349,654,hotel,712,144,978,203
12_1.png,1349,654,review,1103,145,1162,167
12_1.png,1349,654,rating,1170,143,1213,187
12_1.png,1349,654,n_reviews,1101,167,1120,187
12_1.png,1349,654,location,663,198,793,220
12_1.png,1349,654,landmark,893,198,1052,224
12_1.png,1349,654,hotel,637,395,828,422
12_1.png,1349,654,review,1089,394,1159,417
12_1.png,1349,654,rating,1167,393,1210,436
12_1.png,1349,654,n_reviews,1097,418,1120,438
12_1.png,1349,654,location,655,430,747,453
12_1.png,1349,654,landmark,847,428,1041,449
12_2.png,1349,654,hotel,639,141,722,172
12_2.png,1349,654,review,1059,144,1163,167
12_2.png,1349,654,rating,1168,144,1208,184
12_2.png,1349,654,n_reviews,1078,165,1114,187
12_2.png,1349,654,location,658,179,771,201
12_2.png,1349,654,landmark,868,176,1021,205
12_2.png,1349,654,hotel,644,471,1028,529
12_2.png,1349,654,location,656,555,790,579
12_2.png,1349,654,landmark,891,552,1047,579
12_3.png,1349,654,hotel,641,224,1062,256
12_3.png,1349,654,review,1102,221,1160,247
12_3.png,1349,654,rating,1168,221,1212,265
12_3.png,1349,654,n_reviews,1076,245,1116,264
12_3.png,1349,654,location,658,283,713,305
12_3.png,1349,654,landmark,810,284,1009,302
12_3.png,1349,654,hotel,717,474,1016,503
12_3.png,1349,654,review,1074,474,1162,497
12_3.png,1349,654,rating,1164,472,1213,517
12_3.png,1349,654,n_reviews,1105,493,1120,514
12_3.png,1349,654,location,656,507,779,532
12_3.png,1349,654,landmark,878,509,1033,530
12_4.png,1349,654,hotel,643,224,820,248
12_4.png,1349,654,review,1072,224,1158,247
12_4.png,1349,654,rating,1167,225,1206,260
12_4.png,1349,654,n_reviews,1079,244,1113,264
12_4.png,1349,654,location,659,259,817,282
12_4.png,1349,654,landmark,910,260,1024,282
12_4.png,1349,654,hotel,712,474,918,501
12_4.png,1349,654,landmark,891,505,1053,524
12_4.png,1349,654,location,659,502,793,525
12_5.png,1349,654,hotel,709,228,863,248
12_5.png,1349,654,location,660,257,759,274
12_5.png,1349,654,landmark,860,253,1058,276
12_5.png,1349,654,hotel,710,475,826,499
12_5.png,1349,654,location,659,506,782,524
12_5.png,1349,654,landmark,879,505,1043,525
12_6.png,1349,654,hotel,641,226,1012,253
12_6.png,1349,654,review,1058,222,1162,249
12_6.png,1349,654,rating,1167,215,1209,265
12_6.png,1349,654,n_reviews,1079,244,1113,264
12_6.png,1349,654,location,659,279,793,302
12_6.png,1349,654,landmark,893,283,1001,305
12_6.png,1349,654,hotel,641,474,1058,502
12_6.png,1349,654,review,1106,474,1159,497
12_6.png,1349,654,rating,1167,472,1212,518
12_6.png,1349,654,n_reviews,1093,494,1117,514
12_6.png,1349,654,location,655,529,716,556
12_6.png,1349,654,landmark,814,530,1005,557
12_7.png,1349,654,hotel,710,225,990,252
12_7.png,1349,654,location,655,278,717,301
12_7.png,1349,654,landmark,812,279,1012,301
12_7.png,1349,654,hotel,640,474,899,505
12_7.png,1349,654,location,658,507,801,536
12_7.png,1349,654,landmark,899,509,1049,529
13_0.png,1349,654,hotel,643,399,894,420
13_0.png,1349,654,location,658,428,799,450
13_0.png,1349,654,landmark,898,430,1053,452
13_1.png,1349,654,hotel,709,145,926,172
13_1.png,1349,654,location,658,174,809,197
13_1.png,1349,654,landmark,903,176,1063,201
13_1.png,1349,654,hotel,641,398,817,421
13_1.png,1349,654,review,1090,394,1163,418
13_1.png,1349,654,rating,1167,394,1210,436
13_1.png,1349,654,n_reviews,1097,418,1118,436
13_1.png,1349,654,location,658,429,759,451
13_1.png,1349,654,landmark,856,432,1064,453
13_2.png,1349,654,hotel,709,144,944,176
13_2.png,1349,654,location,658,178,759,191
13_2.png,1349,654,landmark,859,175,1048,195
13_2.png,1349,654,hotel,710,479,1036,528
13_2.png,1349,654,review,1059,474,1163,498
13_2.png,1349,654,rating,1171,468,1210,511
13_2.png,1349,654,n_reviews,1098,495,1118,513
13_2.png,1349,654,location,655,555,793,575
13_2.png,1349,654,landmark,891,553,999,579
13_3.png,1349,654,hotel,640,230,1013,279
13_3.png,1349,654,review,1056,224,1162,248
13_3.png,1349,654,rating,1166,222,1206,264
13_3.png,1349,654,n_reviews,1078,248,1114,265
13_3.png,1349,654,location,656,307,714,332
13_3.png,1349,654,landmark,812,303,1002,330
13_3.png,1349,654,hotel,712,474,941,505
13_3.png,1349,654,location,653,506,789,526
13_3.png,1349,654,landmark,891,507,1051,525
13_4.png,1349,654,hotel,713,224,833,256
13_4.png,1349,654,location,659,255,791,278
13_4.png,1349,654,landmark,891,259,1043,278
13_4.png,1349,654,hotel,714,475,1026,529
13_4.png,1349,654,review,1106,474,1160,499
13_4.png,1349,654,rating,1166,470,1209,518
13_4.png,1349,654,location,656,530,791,552
13_4.png,1349,654,landmark,890,533,1039,549
13_4.png,1349,654,n_reviews,1105,498,1118,518
13_5.png,1349,654,hotel,643,225,1044,279
13_5.png,1349,654,review,1060,226,1159,252
13_5.png,1349,654,rating,1166,225,1212,264
13_5.png,1349,654,n_reviews,1078,248,1114,268
13_5.png,1349,654,location,656,306,790,328
13_5.png,1349,654,landmark,890,309,1002,328
13_5.png,1349,654,hotel,714,518,958,541
13_5.png,1349,654,location,656,541,779,565
13_5.png,1349,654,landmark,880,547,987,568
13_6.png,1349,654,hotel,641,264,948,287
13_6.png,1349,654,review,1071,264,1162,287
13_6.png,1349,654,rating,1174,261,1208,299
13_6.png,1349,654,n_reviews,1079,289,1113,306
13_6.png,1349,654,location,658,300,792,321
13_6.png,1349,654,landmark,892,301,1046,318
13_6.png,1349,654,hotel,641,517,969,569
13_6.png,1349,654,review,1057,515,1163,542
13_6.png,1349,654,rating,1168,511,1206,554
13_6.png,1349,654,n_reviews,1079,540,1113,556
13_6.png,1349,654,location,660,597,874,619
13_6.png,1349,654,landmark,976,599,1037,618
13_7.png,1349,654,hotel,711,266,1032,291
13_7.png,1349,654,location,659,297,794,316
13_7.png,1349,654,landmark,895,294,1043,316
13_7.png,1349,654,hotel,640,515,887,541
13_7.png,1349,654,review,1090,515,1159,536
13_7.png,1349,654,rating,1166,513,1210,554
13_7.png,1349,654,n_reviews,1100,538,1118,556
13_7.png,1349,654,location,658,551,794,571
13_7.png,1349,654,landmark,894,550,1047,571
13_8.png,1349,654,hotel,641,10,886,40
13_8.png,1349,654,review,1089,15,1162,36
13_8.png,1349,654,rating,1170,13,1213,52
13_8.png,1349,654,n_reviews,1099,38,1120,56
13_8.png,1349,654,location,656,48,794,70
13_8.png,1349,654,landmark,894,49,1047,71
14_0.png,1349,654,hotel,718,398,786,420
14_0.png,1349,654,location,659,422,789,447
14_0.png,1349,654,landmark,893,424,1047,444
14_1.png,1349,654,hotel,705,147,1008,174
14_1.png,1349,654,location,662,178,801,194
14_1.png,1349,654,landmark,903,176,1048,193
14_1.png,1349,654,hotel,712,398,836,422
14_1.png,1349,654,location,659,424,789,445
14_1.png,1349,654,landmark,895,428,1045,445
14_2.png,1349,654,hotel,641,145,943,176
14_2.png,1349,654,review,1059,145,1160,167
14_2.png,1349,654,rating,1167,141,1209,184
14_2.png,1349,654,n_reviews,1080,170,1113,190
14_2.png,1349,654,location,659,182,814,198
14_2.png,1349,654,landmark,918,184,1017,199
14_2.png,1349,654,hotel,712,477,992,500
14_2.png,1349,654,location,659,555,800,570
14_2.png,1349,654,landmark,904,554,1047,570
14_3.png,1349,654,hotel,639,226,986,276
14_3.png,1349,654,review,1056,221,1162,248
14_3.png,1349,654,rating,1166,222,1212,264
14_3.png,1349,654,n_reviews,1096,247,1118,266
14_3.png,1349,654,location,660,305,791,324
14_3.png,1349,654,landmark,891,310,995,326
14_3.png,1349,654,hotel,708,476,1036,526
14_3.png,1349,654,review,1056,473,1161,498
14_3.png,1349,654,rating,1166,472,1209,512
14_3.png,1349,654,n_reviews,1101,498,1118,516
14_3.png,1349,654,location,659,558,802,576
14_3.png,1349,654,landmark,901,558,998,573
14_4.png,1349,654,hotel,710,228,1013,276
14_4.png,1349,654,review,1072,226,1160,249
14_4.png,1349,654,rating,1167,222,1209,267
14_4.png,1349,654,n_reviews,1102,248,1117,266
14_4.png,1349,654,location,660,281,800,299
14_4.png,1349,654,landmark,900,283,1002,299
14_4.png,1349,654,hotel,712,477,916,498
14_4.png,1349,654,location,657,506,778,531
14_4.png,1349,654,landmark,877,509,979,526
14_5.png,1349,654,hotel,639,225,786,253
14_5.png,1349,654,review,1108,228,1163,249
14_5.png,1349,654,rating,1170,226,1209,263
14_5.png,1349,654,n_reviews,1095,247,1119,267
14_5.png,1349,654,location,659,261,779,278
14_5.png,1349,654,landmark,877,265,1037,279
14_5.png,1349,654,hotel,643,481,976,502
14_5.png,1349,654,review,1105,479,1160,499
14_5.png,1349,654,rating,1165,475,1214,517
14_5.png,1349,654,n_reviews,1078,498,1113,516
14_5.png,1349,654,location,660,512,792,530
14_5.png,1349,654,landmark,891,511,1047,529
14_6.png,1349,654,hotel,709,228,830,252
14_6.png,1349,654,location,658,258,791,277
14_6.png,1349,654,landmark,891,258,999,272
14_6.png,1349,654,hotel,707,477,1038,530
14_6.png,1349,654,review,1109,478,1159,498
14_6.png,1349,654,rating,1170,474,1204,514
14_6.png,1349,654,n_reviews,1107,502,1119,517
14_6.png,1349,654,location,658,560,802,574
14_6.png,1349,654,landmark,898,560,1049,576
14_7.png,1349,654,hotel,717,229,1032,253
14_7.png,1349,654,review,1059,227,1162,252
14_7.png,1349,654,rating,1167,223,1208,266
14_7.png,1349,654,n_reviews,1105,251,1117,266
14_7.png,1349,654,location,660,286,791,304
14_7.png,1349,654,landmark,892,285,998,302
14_7.png,1349,654,hotel,643,477,836,504
14_7.png,1349,654,review,1088,478,1159,501
14_7.png,1349,654,rating,1168,476,1209,513
14_7.png,1349,654,n_reviews,1079,500,1113,519
14_7.png,1349,654,location,659,514,790,532
14_7.png,1349,654,landmark,891,512,1047,533
15_0.png,1349,654,hotel,712,397,979,424
15_0.png,1349,654,review,1072,393,1160,420
15_0.png,1349,654,rating,1168,393,1208,430
15_0.png,1349,654,n_reviews,1100,418,1118,437
15_0.png,1349,654,location,660,433,713,453
15_0.png,1349,654,landmark,813,430,1003,449
15_1.png,1349,654,hotel,751,147,898,170
15_1.png,1349,654,review,1058,143,1162,170
15_1.png,1349,654,rating,1170,145,1208,184
15_1.png,1349,654,n_reviews,1104,168,1118,188
15_1.png,1349,654,location,663,178,758,196
15_1.png,1349,654,landmark,857,177,1008,195
15_1.png,1349,654,hotel,716,396,1051,420
15_1.png,1349,654,review,1108,397,1161,417
15_1.png,1349,654,rating,1169,393,1205,434
15_1.png,1349,654,n_reviews,1103,419,1120,435
15_1.png,1349,654,location,659,424,762,445
15_1.png,1349,654,landmark,859,427,1053,445
15_2.png,1349,654,hotel,712,141,1060,170
15_2.png,1349,654,location,659,175,801,195
15_2.png,1349,654,landmark,898,178,1012,194
15_2.png,1349,654,hotel,712,474,999,498
15_2.png,1349,654,location,659,501,808,525
15_2.png,1349,654,landmark,905,506,1059,525
15_3.png,1349,654,hotel,712,224,924,248
15_3.png,1349,654,location,659,252,806,279
15_3.png,1349,654,landmark,908,256,1062,272
15_3.png,1349,654,hotel,712,474,926,499
15_3.png,1349,654,review,1089,473,1161,497
15_3.png,1349,654,rating,1169,472,1209,512
15_3.png,1349,654,n_reviews,1096,498,1120,514
15_3.png,1349,654,location,659,512,875,531
15_3.png,1349,654,landmark,973,513,1041,530
15_4.png,1349,654,hotel,717,230,871,249
15_4.png,1349,654,location,658,261,717,280
15_4.png,1349,654,landmark,813,259,1009,279
15_4.png,1349,654,hotel,640,476,926,501
15_4.png,1349,654,review,1074,476,1162,497
15_4.png,1349,654,rating,1171,474,1208,510
15_4.png,1349,654,n_reviews,1094,498,1120,514
15_4.png,1349,654,location,659,510,791,530
15_4.png,1349,654,landmark,887,509,1037,530
15_5.png,1349,654,hotel,708,229,1062,279
15_5.png,1349,654,location,658,309,798,325
15_5.png,1349,654,landmark,899,307,1049,324
15_5.png,1349,654,hotel,709,478,1029,505
15_5.png,1349,654,location,656,503,780,526
15_5.png,1349,654,landmark,878,509,1036,526
15_6.png,1349,654,hotel,712,228,1058,249
15_6.png,1349,654,location,659,257,803,275
15_6.png,1349,654,landmark,898,256,1053,279
15_6.png,1349,654,hotel,640,478,913,498
15_6.png,1349,654,review,1074,478,1160,498
15_6.png,1349,654,rating,1167,475,1206,517
15_6.png,1349,654,n_reviews,1098,500,1118,515
15_6.png,1349,654,location,658,511,791,532
15_6.png,1349,654,landmark,891,514,1044,531
15_7.png,1349,654,hotel,711,227,880,253
15_7.png,1349,654,location,659,257,778,278
15_7.png,1349,654,landmark,879,258,991,275
15_7.png,1349,654,hotel,713,481,1022,528
15_7.png,1349,654,review,1071,477,1159,497
15_7.png,1349,654,rating,1167,474,1208,515
15_7.png,1349,654,n_reviews,1107,500,1117,521
15_7.png,1349,654,location,661,532,800,552
15_7.png,1349,654,landmark,898,530,1008,549
16_0.png,1349,654,hotel,640,395,871,422
16_0.png,1349,654,review,1107,395,1160,417
16_0.png,1349,654,rating,1168,392,1209,434
16_0.png,1349,654,n_reviews,1079,419,1113,434
16_0.png,1349,654,location,659,430,714,451
16_0.png,1349,654,landmark,812,431,1005,449
16_1.png,1349,654,hotel,652,147,941,170
16_1.png,1349,654,review,1108,144,1163,167
16_1.png,1349,654,rating,1167,144,1210,180
16_1.png,1349,654,location,664,178,791,201
16_1.png,1349,654,landmark,890,182,1045,201
16_1.png,1349,654,n_reviews,1075,168,1113,190
16_1.png,1349,654,hotel,637,397,799,421
16_1.png,1349,654,review,1074,395,1160,420
16_1.png,1349,654,rating,1167,388,1212,436
16_1.png,1349,654,n_reviews,1096,421,1118,437
16_1.png,1349,654,location,656,432,716,453
16_1.png,1349,654,landmark,814,435,1004,455
16_2.png,1349,654,hotel,643,148,832,170
16_2.png,1349,654,review,1058,144,1159,167
16_2.png,1349,654,rating,1168,144,1212,180
16_2.png,1349,654,n_reviews,1079,164,1113,188
16_2.png,1349,654,location,656,180,748,202
16_2.png,1349,654,landmark,848,180,1029,203
16_2.png,1349,654,hotel,641,468,758,502
16_2.png,1349,654,review,1058,471,1158,495
16_2.png,1349,654,rating,1168,472,1208,511
16_2.png,1349,654,n_reviews,1076,497,1112,517
16_2.png,1349,654,location,662,510,780,533
16_2.png,1349,654,landmark,875,509,1036,532
16_3.png,1349,654,hotel,713,228,1005,253
16_3.png,1349,654,location,659,253,759,276
16_3.png,1349,654,landmark,862,255,974,276
16_3.png,1349,654,hotel,640,471,1030,529
16_3.png,1349,654,review,1056,475,1160,499
16_3.png,1349,654,rating,1168,471,1203,517
16_3.png,1349,654,n_reviews,1078,495,1113,518
16_3.png,1349,654,location,658,556,791,580
16_3.png,1349,654,landmark,890,551,1002,575
16_4.png,1349,654,hotel,635,232,975,257
16_4.png,1349,654,review,1105,230,1162,256
16_4.png,1349,654,rating,1167,228,1208,271
16_4.png,1349,654,n_reviews,1097,255,1118,272
16_4.png,1349,654,location,658,268,715,287
16_4.png,1349,654,landmark,812,270,1004,284
16_4.png,1349,654,hotel,640,484,889,509
16_4.png,1349,654,review,1108,485,1160,506
16_4.png,1349,654,rating,1168,480,1208,522
16_4.png,1349,654,n_reviews,1080,505,1112,524
16_4.png,1349,654,location,659,518,712,540
16_4.png,1349,654,landmark,813,517,1003,540
16_5.png,1349,654,hotel,639,233,863,263
16_5.png,1349,654,review,1093,232,1159,256
16_5.png,1349,654,rating,1170,232,1206,270
16_5.png,1349,654,n_reviews,1077,257,1114,274
16_5.png,1349,654,location,659,269,800,289
16_5.png,1349,654,landmark,898,268,1045,289
16_5.png,1349,654,hotel,642,485,767,506
16_5.png,1349,654,review,1109,484,1160,503
16_5.png,1349,654,rating,1169,483,1210,517
16_5.png,1349,654,n_reviews,1080,505,1110,523
16_5.png,1349,654,location,661,519,803,539
16_5.png,1349,654,landmark,905,518,1057,536
16_6.png,1349,654,hotel,640,232,978,257
16_6.png,1349,654,review,1108,233,1163,255
16_6.png,1349,654,rating,1170,226,1213,271
16_6.png,1349,654,location,656,268,791,291
16_6.png,1349,654,landmark,887,267,1041,287
16_6.png,1349,654,n_reviews,1076,255,1113,274
16_6.png,1349,654,hotel,642,483,761,507
16_6.png,1349,654,review,1072,481,1160,504
16_6.png,1349,654,rating,1168,480,1208,519
16_6.png,1349,654,n_reviews,1078,506,1112,523
16_6.png,1349,654,location,660,521,715,537
16_6.png,1349,654,landmark,811,517,1006,534
16_7.png,1349,654,hotel,637,228,908,263
16_7.png,1349,654,review,1055,230,1158,257
16_7.png,1349,654,rating,1166,230,1205,270
16_7.png,1349,654,n_reviews,1075,255,1116,274
16_7.png,1349,654,location,656,261,716,293
16_7.png,1349,654,landmark,812,265,1008,286
16_7.png,1349,654,hotel,641,484,841,509
16_7.png,1349,654,review,1058,480,1163,509
16_7.png,1349,654,rating,1166,483,1208,521
16_7.png,1349,654,n_reviews,1076,503,1116,526
16_7.png,1349,654,location,660,519,800,539
16_7.png,1349,654,landmark,897,520,1004,535
17_0.png,1349,654,hotel,724,397,1029,418
17_0.png,1349,654,location,658,451,787,475
17_0.png,1349,654,landmark,887,447,1045,470
17_1.png,1349,654,hotel,716,395,976,426
17_1.png,1349,654,location,659,432,791,451
17_1.png,1349,654,landmark,887,428,1001,452
17_2.png,1349,654,hotel,639,149,812,171
17_2.png,1349,654,review,1105,145,1159,168
17_2.png,1349,654,rating,1167,143,1206,188
17_2.png,1349,654,n_reviews,1093,167,1119,185
17_2.png,1349,654,location,660,183,750,202
17_2.png,1349,654,landmark,849,184,1032,201
17_2.png,1349,654,hotel,641,475,1031,525
17_2.png,1349,654,location,658,554,716,576
17_2.png,1349,654,landmark,813,556,1007,580
17_3.png,1349,654,hotel,640,224,902,252
17_3.png,1349,654,review,1109,225,1162,244
17_3.png,1349,654,rating,1172,225,1209,265
17_3.png,1349,654,n_reviews,1076,246,1115,265
17_3.png,1349,654,location,658,257,766,284
17_3.png,1349,654,landmark,862,260,1057,280
17_3.png,1349,654,hotel,642,477,967,498
17_3.png,1349,654,review,1057,474,1161,498
17_3.png,1349,654,rating,1167,472,1209,512
17_3.png,1349,654,n_reviews,1077,499,1113,517
17_3.png,1349,654,location,660,510,813,529
17_3.png,1349,654,landmark,913,511,1020,529
17_4.png,1349,654,hotel,643,225,843,251
17_4.png,1349,654,review,1059,225,1162,248
17_4.png,1349,654,rating,1168,222,1206,259
17_4.png,1349,654,n_reviews,1101,249,1118,264
17_4.png,1349,654,location,658,257,761,273
17_4.png,1349,654,landmark,857,257,1005,273
17_4.png,1349,654,hotel,640,477,858,497
17_4.png,1349,654,review,1074,474,1159,497
17_4.png,1349,654,rating,1164,472,1211,514
17_4.png,1349,654,n_reviews,1096,497,1116,515
17_4.png,1349,654,location,657,512,715,527
17_4.png,1349,654,landmark,813,513,1010,528
17_5.png,1349,654,hotel,641,226,886,247
17_5.png,1349,654,location,658,255,763,272
17_5.png,1349,654,landmark,858,251,1052,278
17_5.png,1349,654,hotel,636,474,1025,520
17_5.png,1349,654,location,653,528,790,553
17_5.png,1349,654,landmark,890,526,1048,548
17_6.png,1349,654,hotel,712,225,926,249
17_6.png,1349,654,review,1103,217,1163,245
17_6.png,1349,654,rating,1164,224,1213,263
17_6.png,1349,654,location,656,253,770,272
17_6.png,1349,654,landmark,870,256,1056,273
17_6.png,1349,654,hotel,639,474,892,503
17_6.png,1349,654,location,659,507,778,524
17_6.png,1349,654,landmark,877,506,1032,525
17_7.png,1349,654,hotel,639,222,1033,274
17_7.png,1349,654,review,1059,224,1164,249
17_7.png,1349,654,rating,1167,222,1212,264
17_7.png,1349,654,n_reviews,1076,247,1113,264
17_7.png,1349,654,location,656,307,749,325
17_7.png,1349,654,landmark,847,305,1035,329
17_7.png,1349,654,hotel,640,474,1009,532
17_7.png,1349,654,review,1105,471,1163,497
17_7.png,1349,654,rating,1168,468,1213,518
17_7.png,1349,654,n_reviews,1076,498,1112,514
17_7.png,1349,654,location,655,556,759,579
17_7.png,1349,654,landmark,860,553,1052,575
18_0.png,1349,654,hotel,644,398,859,420
18_0.png,1349,654,review,1072,398,1160,418
18_0.png,1349,654,rating,1171,394,1206,433
18_0.png,1349,654,n_reviews,1095,418,1120,438
18_0.png,1349,654,location,655,433,713,452
18_0.png,1349,654,landmark,812,432,1006,447
18_1.png,1349,654,hotel,663,141,1006,199
18_1.png,1349,654,review,1053,143,1160,168
18_1.png,1349,654,rating,1170,145,1212,184
18_1.png,1349,654,n_reviews,1078,168,1113,182
18_1.png,1349,654,location,659,229,764,248
18_1.png,1349,654,landmark,862,230,1016,244
18_1.png,1349,654,hotel,643,406,883,428
18_1.png,1349,654,location,658,434,762,451
18_1.png,1349,654,landmark,858,436,1051,453
18_2.png,1349,654,hotel,637,153,1035,205
18_2.png,1349,654,location,659,207,794,229
18_2.png,1349,654,landmark,890,209,1048,228
18_2.png,1349,654,hotel,644,486,917,509
18_2.png,1349,654,review,1105,480,1163,503
18_2.png,1349,654,rating,1168,482,1212,522
18_2.png,1349,654,n_reviews,1103,503,1117,521
18_2.png,1349,654,location,656,511,771,536
18_2.png,1349,654,landmark,871,514,1064,533
18_3.png,1349,654,hotel,640,234,887,257
18_3.png,1349,654,location,656,264,775,278
18_3.png,1349,654,landmark,878,264,1039,283
18_3.png,1349,654,hotel,643,484,1036,533
18_3.png,1349,654,review,1060,482,1162,505
18_3.png,1349,654,rating,1171,482,1210,524
18_3.png,1349,654,n_reviews,1075,506,1113,522
18_3.png,1349,654,location,658,565,751,580
18_3.png,1349,654,landmark,847,564,1032,582
18_4.png,1349,654,hotel,641,230,994,288
18_4.png,1349,654,review,1108,233,1160,252
18_4.png,1349,654,rating,1168,229,1209,272
18_4.png,1349,654,n_reviews,1076,252,1114,270
18_4.png,1349,654,location,660,315,758,334
18_4.png,1349,654,landmark,859,314,1051,333
18_4.png,1349,654,hotel,641,482,822,510
18_4.png,1349,654,location,659,514,801,533
18_4.png,1349,654,landmark,897,513,1016,530
18_5.png,1349,654,hotel,643,234,925,257
18_5.png,1349,654,location,660,265,802,282
18_5.png,1349,654,landmark,899,264,1013,283
18_5.png,1349,654,hotel,641,483,966,506
18_5.png,1349,654,location,656,513,872,530
18_5.png,1349,654,landmark,975,511,1037,536
18_6.png,1349,654,hotel,637,233,1020,280
18_6.png,1349,654,location,659,287,810,307
18_6.png,1349,654,landmark,916,288,1066,306
18_6.png,1349,654,hotel,713,483,1062,509
18_6.png,1349,654,location,659,515,714,534
18_6.png,1349,654,landmark,812,514,1005,530
18_7.png,1349,654,hotel,640,233,960,257
18_7.png,1349,654,review,1071,236,1163,256
18_7.png,1349,654,rating,1170,234,1206,270
18_7.png,1349,654,n_reviews,1096,256,1120,271
18_7.png,1349,654,location,659,267,757,288
18_7.png,1349,654,landmark,857,272,1039,285
18_7.png,1349,654,hotel,642,486,1035,533
18_7.png,1349,654,location,661,539,800,557
18_7.png,1349,654,landmark,900,537,1056,554
19_0.png,1349,654,hotel,645,401,817,421
19_0.png,1349,654,location,656,424,798,447
19_0.png,1349,654,landmark,899,426,1013,445
19_1.png,1349,654,hotel,660,145,918,170
19_1.png,1349,654,location,662,178,801,197
19_1.png,1349,654,landmark,899,175,1013,195
19_1.png,1349,654,hotel,643,395,956,422
19_1.png,1349,654,location,658,428,872,445
19_1.png,1349,654,landmark,974,426,1035,444
19_2.png,1349,654,hotel,640,147,1018,194
19_2.png,1349,654,location,659,203,812,218
19_2.png,1349,654,landmark,913,198,1068,218
19_2.png,1349,654,hotel,639,471,1067,502
19_2.png,1349,654,location,658,505,714,522
19_2.png,1349,654,la,812,507,1005,522
19_3.png,1349,654,hotel,641,225,960,252
19_3.png,1349,654,review,1072,224,1164,244
19_3.png,1349,654,rating,1171,222,1212,261
19_3.png,1349,654,n_reviews,1094,247,1120,264
19_3.png,1349,654,location,662,264,758,278
19_3.png,1349,654,landmark,858,260,1040,279
19_3.png,1349,654,hotel,641,476,1033,529
19_3.png,1349,654,location,660,532,803,547
19_3.png,1349,654,landmark,901,528,1056,551
19_4.png,1349,654,hotel,637,224,960,251
19_4.png,1349,654,location,655,260,760,278
19_4.png,1349,654,landmark,859,259,1051,282
19_4.png,1349,654,review,1109,225,1162,248
19_4.png,1349,654,rating,1168,221,1210,263
19_4.png,1349,654,n_reviews,1098,247,1120,270
19_4.png,1349,654,hotel,641,475,1028,522
19_4.png,1349,654,location,656,529,794,547
19_4.png,1349,654,landmark,891,529,1048,545
19_5.png,1349,654,hotel,640,225,1020,274
19_5.png,1349,654,location,658,280,862,297
19_5.png,1349,654,landmark,876,280,1033,298
19_5.png,1349,654,hotel,643,478,875,501
19_5.png,1349,654,location,658,509,794,529
19_5.png,1349,654,landmark,891,510,1052,529
19_6.png,1349,654,hotel,644,225,876,255
19_6.png,1349,654,location,658,253,795,275
19_6.png,1349,654,landmark,891,257,1048,276
19_6.png,1349,654,hotel,643,478,1016,502
19_6.png,1349,654,location,658,510,751,530
19_6.png,1349,654,landmark,845,509,1035,525
19_7.png,1349,654,hotel,640,226,1006,249
19_7.png,1349,654,review,1059,226,1160,247
19_7.png,1349,654,rating,1166,221,1210,261
19_7.png,1349,654,n_reviews,1099,245,1122,264
19_7.png,1349,654,location,658,260,793,279
19_7.png,1349,654,landmark,891,259,998,280
19_7.png,1349,654,hotel,644,479,1051,520
19_7.png,1349,654,location,659,530,760,548
19_7.png,1349,654,landmark,858,526,1052,549
1_0.png,1349,654,hotel,640,138,824,167
1_0.png,1349,654,rating,1170,145,1208,178
1_0.png,1349,654,n_reviews,1074,161,1113,184
1_0.png,1349,654,location,659,176,713,195
1_0.png,1349,654,landmark,812,179,1003,198
1_0.png,1349,654,fare,1129,263,1214,288
1_0.png,1349,654,hotel,641,424,914,449
1_0.png,1349,654,review,1090,425,1158,445
1_0.png,1349,654,rating,1170,424,1205,459
1_0.png,1349,654,location,658,459,870,478
1_0.png,1349,654,landmark,972,457,1039,476
1_0.png,1349,654,n_reviews,1099,447,1121,463
1_0.png,1349,654,fare,1130,605,1209,628
1_1.png,1349,654,hotel,640,110,922,137
1_1.png,1349,654,review,1072,107,1162,130
1_1.png,1349,654,rating,1170,106,1209,148
1_1.png,1349,654,n_reviews,1094,134,1120,148
1_1.png,1349,654,location,659,147,778,164
1_1.png,1349,654,hotel,640,361,956,387
1_1.png,1349,654,review,1089,360,1158,382
1_1.png,1349,654,rating,1167,359,1206,397
1_1.png,1349,654,n_reviews,1079,383,1116,403
1_1.png,1349,654,location,659,397,880,410
1_1.png,1349,654,landmark,974,395,1036,415
1_1.png,1349,654,fare,1130,537,1213,564
1_2.png,1349,654,hotel,639,191,928,221
1_2.png,1349,654,review,1074,191,1160,214
1_2.png,1349,654,rating,1170,190,1208,230
1_2.png,1349,654,n_reviews,1095,214,1122,230
1_2.png,1349,654,location,660,229,791,249
1_2.png,1349,654,landmark,891,226,1043,248
1_2.png,1349,654,fare,1129,333,1209,355
1_2.png,1349,654,hotel,640,509,903,532
1_2.png,1349,654,review,1106,506,1160,528
1_2.png,1349,654,rating,1167,505,1209,544
1_2.png,1349,654,n_reviews,1078,530,1116,548
1_2.png,1349,654,location,656,545,790,565
1_2.png,1349,654,landmark,890,543,1006,563
1_2.png,1349,654,fare,1133,632,1215,654
1_3.png,1349,654,hotel,640,205,794,232
1_3.png,1349,654,review,1072,209,1163,230
1_3.png,1349,654,rating,1168,207,1209,247
1_3.png,1349,654,location,656,241,803,263
1_3.png,1349,654,landmark,898,243,1043,261
1_3.png,1349,654,n_reviews,1091,229,1117,251
1_3.png,1349,654,fare,1129,344,1210,370
1_3.png,1349,654,hotel,637,515,810,545
1_3.png,1349,654,review,1103,525,1162,545
1_3.png,1349,654,rating,1171,521,1212,559
1_3.png,1349,654,n_reviews,1101,547,1121,565
1_3.png,1349,654,location,656,557,803,578
1_3.png,1349,654,landmark,898,557,1053,580
1_3.png,1349,654,fare,1128,626,1209,654
1_4.png,1349,654,hotel,643,125,749,147
1_4.png,1349,654,review,1053,117,1164,145
1_4.png,1349,654,ra,1168,118,1209,157
1_4.png,1349,654,n_reviews,1074,141,1113,161
1_4.png,1349,654,location,660,155,778,176
1_4.png,1349,654,landmark,875,156,1021,174
1_4.png,1349,654,fare,1135,260,1216,287
1_4.png,1349,654,hotel,641,476,945,509
1_4.png,1349,654,review,1047,475,1162,502
1_4.png,1349,654,rating,1171,475,1208,517
1_4.png,1349,654,n_reviews,1098,499,1118,521
1_4.png,1349,654,location,655,511,776,532
1_4.png,1349,654,landmark,868,511,949,537
1_5.png,1349,654,hotel,637,109,779,136
1_5.png,1349,654,review,1059,105,1162,129
1_5.png,1349,654,rating,1171,105,1209,144
1_5.png,1349,654,n_reviews,1078,132,1112,148
1_5.png,1349,654,location,656,143,806,160
1_5.png,1349,654,landmark,903,140,1016,161
1_5.png,1349,654,fare,1135,247,1212,267
1_5.png,1349,654,hotel,641,391,1026,417
1_5.png,1349,654,review,1072,388,1162,411
1_5.png,1349,654,rating,1170,387,1206,425
1_5.png,1349,654,n_reviews,1098,410,1118,428
1_5.png,1349,654,location,656,448,794,471
1_5.png,1349,654,landmark,891,445,1058,471
1_5.png,1349,654,fare,1128,552,1210,576
1_6.png,1349,654,hotel,643,118,980,171
1_6.png,1349,654,review,1059,118,1164,147
1_6.png,1349,654,rating,1172,121,1208,157
1_6.png,1349,654,n_reviews,1079,143,1113,163
1_6.png,1349,654,location,658,201,760,221
1_6.png,1349,654,landmark,860,202,1025,224
1_6.png,1349,654,fare,1132,303,1218,329
1_6.png,1349,654,hotel,639,447,986,478
1_6.png,1349,654,review,1062,443,1164,471
1_6.png,1349,654,rating,1167,441,1210,487
1_6.png,1349,654,n_reviews,1079,471,1114,491
1_6.png,1349,654,location,655,509,717,525
1_6.png,1349,654,landmark,813,506,993,522
1_6.png,1349,654,fare,1132,556,1210,576
1_7.png,1349,654,hotel,641,232,1030,253
1_7.png,1349,654,review,1090,229,1160,251
1_7.png,1349,654,rating,1167,225,1206,270
1_7.png,1349,654,n_reviews,1095,251,1118,268
1_7.png,1349,654,location,656,288,759,305
1_7.png,1349,654,landmark,855,287,1043,307
1_7.png,1349,654,fare,1130,415,1210,441
20_0.png,1349,654,hotel,641,394,1006,425
20_0.png,1349,654,review,1109,395,1160,420
20_0.png,1349,654,rating,1164,394,1210,433
20_0.png,1349,654,location,656,430,759,449
20_0.png,1349,654,landmark,856,432,1055,447
20_0.png,1349,654,n_reviews,1095,420,1118,437
20_1.png,1349,654,hotel,663,147,1040,174
20_1.png,1349,654,location,664,175,801,197
20_1.png,1349,654,landmark,899,175,1016,197
20_1.png,1349,654,hotel,641,398,901,420
20_1.png,1349,654,location,659,429,817,445
20_1.png,1349,654,landmark,912,424,1072,447
20_2.png,1349,654,hotel,640,145,1044,171
20_2.png,1349,654,location,659,178,764,193
20_2.png,1349,654,landmark,860,176,1058,197
20_2.png,1349,654,hotel,641,475,1066,499
20_2.png,1349,654,review,1110,474,1160,497
20_2.png,1349,654,rating,1168,476,1210,511
20_2.png,1349,654,n_reviews,1101,499,1122,515
20_2.png,1349,654,location,658,507,791,525
20_2.png,1349,654,landmark,891,505,1045,530
20_3.png,1349,654,hotel,640,226,833,251
20_3.png,1349,654,review,1059,226,1162,247
20_3.png,1349,654,rating,1167,222,1212,264
20_3.png,1349,654,n_reviews,1079,244,1114,265
20_3.png,1349,654,location,655,259,760,279
20_3.png,1349,654,landmark,859,261,1013,282
20_3.png,1349,654,hotel,645,482,1030,527
20_3.png,1349,654,location,659,529,805,547
20_3.png,1349,654,landmark,905,529,1063,551
20_4.png,1349,654,hotel,640,220,1022,306
20_4.png,1349,654,rating,1170,225,1205,260
20_4.png,1349,654,n_reviews,1103,248,1118,265
20_4.png,1349,654,location,658,307,808,328
20_4.png,1349,654,landmark,903,306,1018,325
20_4.png,1349,654,hotel,643,471,1040,505
20_4.png,1349,654,location,660,509,799,528
20_4.png,1349,654,landmark,898,506,1012,528
20_5.png,1349,654,hotel,639,228,1041,253
20_5.png,1349,654,location,656,259,802,276
20_5.png,1349,654,landmark,899,259,1016,276
20_5.png,1349,654,hotel,644,478,1036,506
20_5.png,1349,654,location,658,509,802,529
20_5.png,1349,654,landmark,899,509,1014,525
20_6.png,1349,654,hotel,640,225,1040,255
20_6.png,1349,654,location,660,259,798,278
20_6.png,1349,654,landmark,901,259,1012,275
20_6.png,1349,654,hotel,641,480,1044,503
20_6.png,1349,654,location,658,510,801,525
20_6.png,1349,654,landmark,898,507,1012,526
20_7.png,1349,654,hotel,641,225,1055,256
20_7.png,1349,654,location,656,256,803,276
20_7.png,1349,654,landmark,899,259,1058,274
20_7.png,1349,654,hotel,637,478,1012,530
20_7.png,1349,654,location,659,532,801,551
20_7.png,1349,654,landmark,898,532,1008,551
21_0.png,1349,654,hotel,643,398,858,422
21_0.png,1349,654,location,658,428,759,447
21_0.png,1349,654,landmark,856,426,1047,443
21_1.png,1349,654,hotel,644,395,932,422
21_1.png,1349,654,review,1072,395,1162,418
21_1.png,1349,654,rating,1170,393,1212,432
21_1.png,1349,654,n_reviews,1103,420,1120,441
21_1.png,1349,654,location,658,433,782,448
21_1.png,1349,654,landmark,878,432,1035,448
21_2.png,1349,654,hotel,641,151,874,171
21_2.png,1349,654,review,1058,144,1160,167
21_2.png,1349,654,rating,1168,144,1209,186
21_2.png,1349,654,n_reviews,1098,170,1120,187
21_2.png,1349,654,location,658,182,771,201
21_2.png,1349,654,landmark,866,182,1018,202
21_2.png,1349,654,hotel,641,465,712,499
21_2.png,1349,654,review,1059,472,1160,498
21_2.png,1349,654,rating,1166,476,1202,511
21_2.png,1349,654,n_reviews,1078,499,1112,513
21_2.png,1349,654,location,656,510,779,525
21_2.png,1349,654,landmark,879,513,1036,526
21_3.png,1349,654,hotel,640,226,1055,275
21_3.png,1349,654,location,655,279,798,298
21_3.png,1349,654,landmark,898,279,1048,299
21_3.png,1349,654,hotel,641,474,817,501
21_3.png,1349,654,review,1087,472,1164,498
21_3.png,1349,654,rating,1168,476,1210,509
21_3.png,1349,654,n_reviews,1099,497,1121,514
21_3.png,1349,654,location,655,507,871,534
21_3.png,1349,654,landmark,972,509,1036,532
21_4.png,1349,654,hotel,637,222,995,278
21_4.png,1349,654,review,1105,225,1163,249
21_4.png,1349,654,rating,1167,224,1206,263
21_4.png,1349,654,n_reviews,1099,247,1120,263
21_4.png,1349,654,location,660,279,875,294
21_4.png,1349,654,landmark,974,279,1033,301
21_4.png,1349,654,hotel,641,478,789,498
21_4.png,1349,654,review,1071,476,1158,498
21_4.png,1349,654,rating,1168,476,1209,509
21_4.png,1349,654,n_reviews,1095,497,1118,514
21_4.png,1349,654,location,653,511,721,529
21_4.png,1349,654,landmark,809,507,1008,529
21_5.png,1349,654,hotel,640,225,989,248
21_5.png,1349,654,review,1059,222,1164,248
21_5.png,1349,654,rating,1167,221,1208,264
21_5.png,1349,654,n_reviews,1102,247,1121,268
21_5.png,1349,654,location,655,253,775,278
21_5.png,1349,654,landmark,879,252,991,275
21_5.png,1349,654,hotel,639,475,870,499
21_5.png,1349,654,location,658,503,812,528
21_5.png,1349,654,landmark,909,503,1067,524
21_6.png,1349,654,hotel,639,224,1012,276
21_6.png,1349,654,review,1106,225,1163,247
21_6.png,1349,654,rating,1170,226,1206,264
21_6.png,1349,654,n_reviews,1106,249,1118,267
21_6.png,1349,654,location,656,278,716,299
21_6.png,1349,654,landmark,814,278,1005,299
21_6.png,1349,654,hotel,637,474,1014,530
21_6.png,1349,654,location,653,526,793,549
21_6.png,1349,654,landmark,889,529,1005,548
21_7.png,1349,654,hotel,644,228,790,247
21_7.png,1349,654,review,1072,225,1166,247
21_7.png,1349,654,rating,1168,220,1208,267
21_7.png,1349,654,n_reviews,1079,249,1114,263
21_7.png,1349,654,location,656,256,716,282
21_7.png,1349,654,landmark,813,259,1001,280
21_7.png,1349,654,hotel,639,475,1035,528
21_7.png,1349,654,location,658,525,790,551
21_7.png,1349,654,landmark,889,529,1047,549
22_0.png,1349,654,hotel,644,397,928,425
22_0.png,1349,654,review,1055,391,1162,418
22_0.png,1349,654,rating,1171,401,1205,432
22_0.png,1349,654,n_reviews,1093,415,1121,437
22_0.png,1349,654,location,660,429,759,448
22_0.png,1349,654,landmark,855,430,1022,451
22_1.png,1349,654,hotel,660,145,972,172
22_1.png,1349,654,location,658,172,812,198
22_1.png,1349,654,landmark,908,176,1062,198
22_1.png,1349,654,hotel,643,395,975,445
22_1.png,1349,654,review,1105,394,1163,420
22_1.png,1349,654,rating,1167,391,1205,432
22_1.png,1349,654,n_reviews,1098,415,1124,437
22_1.png,1349,654,location,658,451,790,470
22_1.png,1349,654,landmark,889,449,1028,463
22_2.png,1349,654,hotel,643,147,829,170
22_2.png,1349,654,review,1089,144,1159,171
22_2.png,1349,654,rating,1171,147,1208,183
22_2.png,1349,654,n_reviews,1094,168,1121,188
22_2.png,1349,654,location,656,178,748,202
22_2.png,1349,654,landmark,848,182,1036,203
22_2.png,1349,654,hotel,640,475,1033,529
22_2.png,1349,654,location,653,557,791,576
22_2.png,1349,654,landmark,890,555,1051,578
22_3.png,1349,654,hotel,640,222,1014,249
22_3.png,1349,654,review,1068,224,1160,245
22_3.png,1349,654,rating,1170,221,1210,264
22_3.png,1349,654,n_reviews,1106,247,1118,265
22_3.png,1349,654,location,659,256,780,280
22_3.png,1349,654,landmark,876,259,1030,280
22_3.png,1349,654,hotel,641,478,820,501
22_3.png,1349,654,review,1068,472,1163,498
22_3.png,1349,654,rating,1170,475,1210,517
22_3.png,1349,654,n_reviews,1079,497,1112,515
22_3.png,1349,654,location,660,510,813,533
22_3.png,1349,654,landmark,909,511,1022,529
22_4.png,1349,654,hotel,640,224,920,248
22_4.png,1349,654,location,659,256,791,275
22_4.png,1349,654,landmark,890,256,1043,275
22_4.png,1349,654,hotel,645,478,866,502
22_4.png,1349,654,location,656,506,767,524
22_4.png,1349,654,landmark,862,502,1055,529
22_5.png,1349,654,hotel,640,229,820,247
22_5.png,1349,654,location,655,257,775,275
22_5.png,1349,654,landmark,878,252,1035,278
22_5.png,1349,654,hotel,641,474,1006,525
22_5.png,1349,654,location,655,529,713,548
22_5.png,1349,654,landmark,812,525,1003,552
22_6.png,1349,654,hotel,640,221,985,253
22_6.png,1349,654,review,1058,229,1158,245
22_6.png,1349,654,location,658,283,776,302
22_6.png,1349,654,landmark,875,284,1026,306
22_6.png,1349,654,n_reviews,1076,247,1116,261
22_6.png,1349,654,hotel,640,478,799,502
22_6.png,1349,654,location,656,511,778,533
22_6.png,1349,654,landmark,878,507,1033,532
22_6.png,1349,654,review,1109,474,1160,497
22_6.png,1349,654,rating,1171,474,1203,514
22_6.png,1349,654,landmark,1079,498,1114,514
22_7.png,1349,654,hotel,643,226,897,255
22_7.png,1349,654,location,659,260,801,282
22_7.png,1349,654,landmark,898,259,1051,282
22_7.png,1349,654,hotel,644,474,925,502
22_7.png,1349,654,location,659,506,806,524
22_7.png,1349,654,landmark,903,506,1062,522
23_0.png,1349,654,hotel,641,394,1025,452
23_0.png,1349,654,review,1071,394,1162,420
23_0.png,1349,654,rating,1167,399,1208,430
23_0.png,1349,654,n_reviews,1102,417,1118,440
23_0.png,1349,654,location,662,479,791,502
23_0.png,1349,654,landmark,889,476,999,498
23_1.png,1349,654,hotel,658,145,1067,171
23_1.png,1349,654,location,660,172,794,198
23_1.png,1349,654,landmark,891,175,1005,194
23_1.png,1349,654,hotel,643,399,840,420
23_1.png,1349,654,rating,1168,391,1208,433
23_1.png,1349,654,n_reviews,1079,417,1117,436
23_1.png,1349,654,location,658,429,790,449
23_1.png,1349,654,landmark,889,429,1002,451
23_2.png,1349,654,hotel,640,144,983,175
23_2.png,1349,654,review,1066,145,1163,172
23_2.png,1349,654,rating,1164,147,1209,186
23_2.png,1349,654,n_reviews,1076,171,1116,187
23_2.png,1349,654,location,658,199,798,226
23_2.png,1349,654,landmark,812,203,1002,225
23_2.png,1349,654,hotel,641,476,867,505
23_2.png,1349,654,rating,1170,478,1205,509
23_2.png,1349,654,n_reviews,1105,495,1121,514
23_2.png,1349,654,location,658,503,759,529
23_2.png,1349,654,landmark,856,506,1010,529
23_3.png,1349,654,hotel,635,220,1014,276
23_3.png,1349,654,location,655,276,863,295
23_3.png,1349,654,landmark,876,275,1062,298
23_3.png,1349,654,hotel,643,474,976,507
23_3.png,1349,654,location,656,505,778,528
23_3.png,1349,654,landmark,878,502,1063,525
23_4.png,1349,654,hotel,632,218,758,255
23_4.png,1349,654,review,1060,222,1162,249
23_4.png,1349,654,rating,1166,218,1208,263
23_4.png,1349,654,n_reviews,1097,249,1121,267
23_4.png,1349,654,location,659,259,716,283
23_4.png,1349,654,landmark,813,260,1012,282
23_4.png,1349,654,hotel,635,470,989,502
23_4.png,1349,654,location,655,505,795,526
23_4.png,1349,654,landmark,890,505,1044,530
23_5.png,1349,654,hotel,641,225,1068,282
23_5.png,1349,654,location,659,279,798,303
23_5.png,1349,654,landmark,895,280,1056,298
23_5.png,1349,654,hotel,640,471,1009,505
23_5.png,1349,654,location,655,505,762,529
23_5.png,1349,654,landmark,859,510,1053,532
23_5.png,1349,654,review,1110,476,1159,498
23_5.png,1349,654,rating,1171,476,1208,513
23_5.png,1349,654,n_reviews,1093,498,1121,513
23_6.png,1349,654,hotel,640,224,976,253
23_6.png,1349,654,review,1059,222,1160,248
23_6.png,1349,654,rating,1168,224,1205,261
23_6.png,1349,654,n_reviews,1101,247,1120,263
23_6.png,1349,654,location,658,253,801,282
23_6.png,1349,654,landmark,899,261,1009,282
23_6.png,1349,654,hotel,640,476,1056,528
23_6.png,1349,654,location,656,528,794,551
23_6.png,1349,654,landmark,889,528,1043,549
23_7.png,1349,654,hotel,643,226,1025,280
23_7.png,1349,654,review,1058,224,1158,251
23_7.png,1349,654,rating,1168,222,1208,261
23_7.png,1349,654,n_reviews,1101,244,1121,264
23_7.png,1349,654,location,658,306,713,326
23_7.png,1349,654,landmark,809,305,1017,326
23_7.png,1349,654,hotel,635,475,993,505
23_7.png,1349,654,location,655,509,828,526
23_7.png,1349,654,landmark,928,506,1037,526
24_0.png,1349,654,hotel,753,397,897,421
24_0.png,1349,654,review,1055,391,1160,420
24_0.png,1349,654,rating,1168,398,1209,433
24_0.png,1349,654,n_reviews,1103,418,1120,438
24_0.png,1349,654,location,658,425,756,447
24_0.png,1349,654,landmark,858,424,1012,449
24_1.png,1349,654,hotel,656,147,1048,174
24_1.png,1349,654,location,659,176,759,197
24_1.png,1349,654,landmark,852,174,1055,194
24_1.png,1349,654,review,1109,141,1163,170
24_1.png,1349,654,rating,1171,148,1212,188
24_1.png,1349,654,n_reviews,1099,167,1121,190
24_1.png,1349,654,hotel,643,393,1062,425
24_1.png,1349,654,location,658,425,798,448
24_1.png,1349,654,landmark,893,430,1013,447
24_2.png,1349,654,hotel,641,147,997,171
24_2.png,1349,654,location,656,175,810,194
24_2.png,1349,654,landmark,905,176,1062,198
24_2.png,1349,654,hotel,641,475,929,503
24_2.png,1349,654,location,658,505,805,529
24_2.png,1349,654,landmark,901,506,1059,524
24_3.png,1349,654,hotel,641,226,929,255
24_3.png,1349,654,review,1090,226,1159,248
24_3.png,1349,654,rating,1168,224,1206,264
24_3.png,1349,654,n_reviews,1093,240,1121,265
24_3.png,1349,654,location,656,259,876,276
24_3.png,1349,654,landmark,968,260,1040,279
24_3.png,1349,654,hotel,639,476,871,499
24_3.png,1349,654,location,656,510,714,528
24_3.png,1349,654,landmark,812,507,1017,532
24_4.png,1349,654,hotel,639,222,1062,306
24_4.png,1349,654,location,656,309,802,325
24_4.png,1349,654,landmark,901,307,1044,324
24_4.png,1349,654,hotel,640,478,1036,505
24_4.png,1349,654,location,656,509,780,528
24_4.png,1349,654,landmark,875,505,1033,526
24_5.png,1349,654,hotel,640,225,1055,253
24_5.png,1349,654,location,659,257,801,271
24_5.png,1349,654,landmark,899,253,1058,275
24_5.png,1349,654,hotel,639,479,917,505
24_5.png,1349,654,review,1071,480,1160,499
24_5.png,1349,654,rating,1170,482,1214,511
24_5.png,1349,654,n_reviews,1091,501,1118,514
24_5.png,1349,654,location,658,513,793,534
24_5.png,1349,654,landmark,887,510,1047,532
24_6.png,1349,654,hotel,640,225,879,253
24_6.png,1349,654,location,658,253,780,276
24_6.png,1349,654,landmark,879,259,990,279
24_6.png,1349,654,hotel,638,482,1024,528
24_6.png,1349,654,review,1075,476,1162,498
24_6.png,1349,654,rating,1167,476,1206,514
24_6.png,1349,654,n_reviews,1106,498,1121,520
24_6.png,1349,654,location,658,529,801,551
24_6.png,1349,654,landmark,897,528,1013,552
24_7.png,1349,654,hotel,640,225,925,279
24_7.png,1349,654,rating,1171,226,1205,261
24_7.png,1349,654,n_reviews,1097,247,1120,271
24_7.png,1349,654,location,655,306,714,329
24_7.png,1349,654,landmark,813,310,1008,328
24_7.png,1349,654,hotel,644,490,883,522
24_7.png,1349,654,location,658,517,789,543
24_7.png,1349,654,landmark,890,521,1040,541
25_0.png,1349,654,hotel,639,398,1017,449
25_0.png,1349,654,review,1058,393,1162,420
25_0.png,1349,654,rating,1170,395,1214,437
25_0.png,1349,654,n_reviews,1099,417,1117,437
25_0.png,1349,654,location,662,484,716,497
25_0.png,1349,654,landmark,809,480,1010,498
25_1.png,1349,654,hotel,660,151,821,171
25_1.png,1349,654,location,663,179,764,195
25_1.png,1349,654,landmark,856,176,1064,194
25_1.png,1349,654,hotel,638,395,981,449
25_1.png,1349,654,location,658,453,813,467
25_1.png,1349,654,landmark,910,451,1071,467
25_2.png,1349,654,hotel,639,145,1001,199
25_2.png,1349,654,location,659,199,805,218
25_2.png,1349,654,landmark,906,198,1058,222
25_2.png,1349,654,hotel,640,472,1003,501
25_2.png,1349,654,location,656,505,802,524
25_2.png,1349,654,landmark,899,507,1047,526
25_3.png,1349,654,hotel,635,222,1062,252
25_3.png,1349,654,review,1105,228,1163,247
25_3.png,1349,654,rating,1170,226,1205,264
25_3.png,1349,654,n_reviews,1102,245,1120,264
25_3.png,1349,654,location,659,283,791,305
25_3.png,1349,654,landmark,886,278,1055,307
25_3.png,1349,654,hotel,643,486,1037,513
25_3.png,1349,654,location,651,514,805,533
25_3.png,1349,654,landmark,902,517,1049,529
25_4.png,1349,654,hotel,640,236,1017,282
25_4.png,1349,654,review,1063,233,1164,256
25_4.png,1349,654,rating,1167,229,1206,272
25_4.png,1349,654,n_reviews,1078,255,1114,272
25_4.png,1349,654,location,656,314,794,334
25_4.png,1349,654,landmark,886,311,1002,336
25_4.png,1349,654,hotel,640,486,1028,511
25_4.png,1349,654,location,659,514,752,533
25_4.png,1349,654,landmark,845,513,1036,534
25_5.png,1349,654,hotel,643,230,862,259
25_5.png,1349,654,review,1089,236,1160,257
25_5.png,1349,654,rating,1170,226,1212,276
25_5.png,1349,654,n_reviews,1097,255,1122,271
25_5.png,1349,654,location,658,271,716,287
25_5.png,1349,654,landmark,812,268,1009,293
25_5.png,1349,654,hotel,643,487,1072,509
25_5.png,1349,654,location,655,514,717,533
25_5.png,1349,654,landmark,814,515,1008,533
25_6.png,1349,654,hotel,639,233,1040,259
25_6.png,1349,654,landmark,658,264,797,286
25_6.png,1349,654,landmark,898,261,1016,282
25_6.png,1349,654,hotel,640,486,895,509
25_6.png,1349,654,review,1109,482,1160,506
25_6.png,1349,654,rating,1170,487,1205,517
25_6.png,1349,654,location,659,521,760,538
25_6.png,1349,654,landmark,856,521,1056,537
25_6.png,1349,654,n_reviews,1098,507,1125,525
25_7.png,1349,654,hotel,637,234,1030,291
25_7.png,1349,654,review,1105,236,1162,256
25_7.png,1349,654,rating,1171,229,1205,271
25_7.png,1349,654,n_reviews,1102,252,1120,272
25_7.png,1349,654,location,655,315,790,338
25_7.png,1349,654,landmark,890,317,1005,336
25_7.png,1349,654,hotel,640,480,955,511
25_7.png,1349,654,location,653,514,806,538
25_7.png,1349,654,landmark,903,511,1058,530
25_7.png,1349,654,review,1109,484,1160,507
25_7.png,1349,654,rating,1164,478,1209,522
25_7.png,1349,654,n_reviews,1105,505,1120,525
26_0.png,1349,654,hotel,639,394,1067,424
26_0.png,1349,654,location,652,424,713,444
26_0.png,1349,654,landmark,812,425,1009,447
26_1.png,1349,654,hotel,663,140,1040,171
26_1.png,1349,654,location,658,174,802,201
26_1.png,1349,654,landmark,901,175,1016,197
26_1.png,1349,654,hotel,640,394,891,420
26_1.png,1349,654,review,1108,401,1159,418
26_1.png,1349,654,rating,1170,394,1205,430
26_1.png,1349,654,location,662,429,758,451
26_1.png,1349,654,landmark,856,428,1049,447
26_1.png,1349,654,n_reviews,1094,420,1124,437
26_2.png,1349,654,hotel,637,151,1017,199
26_2.png,1349,654,review,1103,145,1168,168
26_2.png,1349,654,rating,1172,147,1206,180
26_2.png,1349,654,n_reviews,1103,170,1120,188
26_2.png,1349,654,location,656,222,791,251
26_2.png,1349,654,landmark,890,226,1009,247
26_2.png,1349,654,hotel,636,476,956,503
26_2.png,1349,654,review,1103,478,1160,497
26_2.png,1349,654,rating,1171,486,1212,514
26_2.png,1349,654,n_reviews,1103,498,1121,515
26_2.png,1349,654,location,659,499,802,528
26_2.png,1349,654,landmark,902,506,1056,525
26_3.png,1349,654,hotel,637,228,1020,283
26_3.png,1349,654,review,1056,224,1159,248
26_3.png,1349,654,rating,1170,225,1206,261
26_3.png,1349,654,n_reviews,1079,247,1112,263
26_3.png,1349,654,location,658,305,714,326
26_3.png,1349,654,landmark,810,307,1005,326
26_3.png,1349,654,hotel,641,475,928,499
26_3.png,1349,654,review,1074,470,1159,501
26_3.png,1349,654,rating,1167,470,1205,511
26_3.png,1349,654,n_reviews,1093,495,1122,515
26_3.png,1349,654,location,659,511,760,530
26_3.png,1349,654,landmark,858,510,1041,530
26_4.png,1349,654,hotel,636,224,1006,253
26_4.png,1349,654,location,655,251,779,276
26_4.png,1349,654,landmark,875,256,990,274
26_4.png,1349,654,hotel,639,471,1045,501
26_4.png,1349,654,location,659,502,793,522
26_4.png,1349,654,landmark,887,502,1041,524
26_5.png,1349,654,hotel,641,218,814,251
26_5.png,1349,654,review,1085,225,1160,245
26_5.png,1349,654,rating,1167,221,1205,264
26_5.png,1349,654,n_reviews,1093,245,1122,268
26_5.png,1349,654,location,652,263,779,278
26_5.png,1349,654,landmark,878,259,1039,279
26_5.png,1349,654,hotel,641,476,999,521
26_5.png,1349,654,rating,1168,479,1209,515
26_5.png,1349,654,n_reviews,1108,493,1120,515
26_5.png,1349,654,location,656,555,805,580
26_5.png,1349,654,landmark,902,560,1020,576
26_6.png,1349,654,hotel,639,233,870,261
26_6.png,1349,654,location,652,265,795,287
26_6.png,1349,654,landmark,887,267,1048,288
26_6.png,1349,654,hotel,644,479,1049,534
26_6.png,1349,654,location,658,538,770,557
26_6.png,1349,654,landmark,867,536,1074,555
26_7.png,1349,654,hotel,641,233,870,257
26_7.png,1349,654,location,656,260,762,283
26_7.png,1349,654,landmark,858,264,1051,280
26_7.png,1349,654,hotel,643,483,893,509
26_7.png,1349,654,location,655,514,793,532
26_7.png,1349,654,landmark,889,513,1051,536
27_0.png,1349,654,hotel,640,398,937,421
27_0.png,1349,654,location,656,425,779,444
27_0.png,1349,654,landmark,872,425,991,445
27_1.png,1349,654,hotel,663,137,1060,172
27_1.png,1349,654,location,656,178,717,199
27_1.png,1349,654,landmark,809,175,1009,197
27_1.png,1349,654,hotel,643,390,936,424
27_1.png,1349,654,location,659,429,756,447
27_1.png,1349,654,landmark,853,426,1044,445
27_2.png,1349,654,hotel,643,137,890,175
27_2.png,1349,654,location,659,178,779,197
27_2.png,1349,654,landmark,879,176,1037,198
27_2.png,1349,654,hotel,641,478,1005,529
27_2.png,1349,654,review,1106,476,1162,497
27_2.png,1349,654,rating,1164,470,1213,514
27_2.png,1349,654,n_reviews,1079,497,1114,511
27_2.png,1349,654,location,653,556,790,576
27_2.png,1349,654,landmark,891,555,1045,576
27_3.png,1349,654,hotel,640,230,879,257
27_3.png,1349,654,review,1090,234,1160,256
27_3.png,1349,654,rating,1170,234,1205,267
27_3.png,1349,654,n_reviews,1106,257,1120,274
27_3.png,1349,654,location,655,261,755,284
27_3.png,1349,654,landmark,858,259,1044,282
27_3.png,1349,654,hotel,644,478,1012,505
27_3.png,1349,654,location,658,514,806,533
27_3.png,1349,654,landmark,905,513,1058,536
27_4.png,1349,654,hotel,643,225,986,261
27_4.png,1349,654,review,1109,236,1162,255
27_4.png,1349,654,rating,1168,232,1206,271
27_4.png,1349,654,n_reviews,1095,256,1118,271
27_4.png,1349,654,location,655,265,758,288
27_4.png,1349,654,landmark,859,267,1052,290
27_4.png,1349,654,hotel,640,476,983,514
27_4.png,1349,654,location,660,517,783,529
27_4.png,1349,654,landmark,880,513,1044,534
